{
  "seed": 999,
  "val_avg_r2": 0.8330159783363342,
  "test_avg_r2": 0.8306362799235752,
  "val_r2_scores": [
    0.9111256003379822,
    0.9107758402824402,
    0.5280650854110718,
    0.8838359117507935,
    0.5852111577987671,
    0.8218593597412109,
    0.7570241093635559,
    0.9380977153778076,
    0.933681309223175,
    0.838924765586853,
    0.9264096617698669,
    0.7971566319465637,
    0.8988361954689026,
    0.9312203526496887
  ],
  "test_r2_scores": [
    0.9106366634368896,
    0.9276427626609802,
    0.5684751272201538,
    0.8319247961044312,
    0.6587200164794922,
    0.7950832843780518,
    0.7519194483757019,
    0.935532808303833,
    0.9335137009620667,
    0.8056004643440247,
    0.9030887484550476,
    0.8036453723907471,
    0.8818862438201904,
    0.9212384819984436
  ],
  "final_train_loss": 0.16369397498858282,
  "final_val_loss": 0.38495412927407485,
  "final_train_kl": 14.60278789813702,
  "final_val_kl": 11.989066160642183,
  "final_train_attr": 0.04615957395006449,
  "final_val_attr": 0.10428768711594436,
  "attr_names": [
    "mean_HU",
    "HU_std",
    "HU_p10",
    "HU_p25",
    "HU_p50",
    "HU_p75",
    "HU_p90",
    "mask_area",
    "mask_frac",
    "grad_mean",
    "grad_std",
    "contrast",
    "homog",
    "entropy"
  ],
  "attr_mean": [
    297.6916809082031,
    792.9147338867188,
    -778.6162719726562,
    -569.1588745117188,
    622.549560546875,
    993.0283813476562,
    1084.4495849609375,
    142684.84375,
    0.5442994832992554,
    0.07250942289829254,
    0.1214434951543808,
    311.07196044921875,
    0.5905997157096863,
    9.066532135009766
  ],
  "attr_std": [
    147.27557373046875,
    63.878761291503906,
    85.86271667480469,
    375.668701171875,
    352.14923095703125,
    63.12253189086914,
    22.307266235351562,
    25064.974609375,
    0.09561529010534286,
    0.010272766463458538,
    0.014756817370653152,
    53.952362060546875,
    0.06977413594722748,
    1.011718511581421
  ],
  "suspicious_features": []
}