{
  "seed": 42,
  "val_avg_r2": 0.9679632272039141,
  "test_avg_r2": 0.9717131980827877,
  "val_r2_scores": [
    0.9721139669418335,
    0.9654041528701782,
    0.9463967680931091,
    0.9589378833770752,
    0.9401120543479919,
    0.94994056224823,
    0.9563726186752319,
    0.9797573089599609,
    0.9793352484703064,
    0.9914613962173462,
    0.9713889956474304,
    0.9742134213447571,
    0.9814277291297913,
    0.9846230745315552
  ],
  "test_r2_scores": [
    0.9761542081832886,
    0.97762131690979,
    0.9756379723548889,
    0.9537509679794312,
    0.9450063705444336,
    0.9612336158752441,
    0.9493054151535034,
    0.9827351570129395,
    0.9814494252204895,
    0.9911301136016846,
    0.9695757031440735,
    0.9739523530006409,
    0.9823266863822937,
    0.9841054677963257
  ],
  "final_train_loss": 0.21761215688741725,
  "final_val_loss": 0.16835579151908556,
  "final_train_kl": 16.575666531272557,
  "final_val_kl": 16.746766090393066,
  "final_train_attr": 0.06328270908283151,
  "final_val_attr": 0.041848902901013695,
  "attr_names": [
    "mean_HU",
    "HU_std",
    "HU_p10",
    "HU_p25",
    "HU_p50",
    "HU_p75",
    "HU_p90",
    "mask_area",
    "mask_frac",
    "grad_mean",
    "grad_std",
    "contrast",
    "homog",
    "entropy"
  ],
  "attr_mean": [
    332.0748596191406,
    773.4240112304688,
    -754.9590454101562,
    -469.8890686035156,
    654.10986328125,
    996.970458984375,
    1088.8023681640625,
    144964.515625,
    0.5529957413673401,
    0.07479086518287659,
    0.11896120011806488,
    325.34869384765625,
    0.5773970484733582,
    9.24319839477539
  ],
  "attr_std": [
    162.36192321777344,
    81.05115509033203,
    132.85679626464844,
    461.9053955078125,
    304.4974670410156,
    57.916812896728516,
    34.98884963989258,
    25731.3984375,
    0.09815749526023865,
    0.022036975249648094,
    0.016103191301226616,
    138.96157836914062,
    0.08070535212755203,
    1.140121579170227
  ],
  "suspicious_features": []
}