{
  "seed": 999,
  "val_avg_r2": 0.8394886893885476,
  "test_avg_r2": 0.804708617074149,
  "val_r2_scores": [
    0.8780159950256348,
    0.885478675365448,
    0.6235899925231934,
    0.8067419528961182,
    0.6225123405456543,
    0.8447414636611938,
    0.7827409505844116,
    0.9303223490715027,
    0.9259430170059204,
    0.8979043960571289,
    0.9045430421829224,
    0.8615416884422302,
    0.8773030042648315,
    0.9114627838134766
  ],
  "test_r2_scores": [
    0.8569914698600769,
    0.8349864482879639,
    0.38266992568969727,
    0.7843025922775269,
    0.7240585088729858,
    0.8417516350746155,
    0.7504867315292358,
    0.9051399827003479,
    0.9042282700538635,
    0.8368136286735535,
    0.8804836869239807,
    0.8191790580749512,
    0.8597061634063721,
    0.885122537612915
  ],
  "final_train_loss": 0.16189962485041776,
  "final_val_loss": 0.7159435817828546,
  "final_train_kl": 14.76047951276185,
  "final_val_kl": 14.661228216611422,
  "final_train_attr": 0.045597304299962324,
  "final_val_attr": 0.2103245361493184,
  "attr_names": [
    "mean_HU",
    "HU_std",
    "HU_p10",
    "HU_p25",
    "HU_p50",
    "HU_p75",
    "HU_p90",
    "mask_area",
    "mask_frac",
    "grad_mean",
    "grad_std",
    "contrast",
    "homog",
    "entropy"
  ],
  "attr_mean": [
    283.8365478515625,
    802.010009765625,
    -783.36962890625,
    -605.027099609375,
    606.1644897460938,
    997.1490478515625,
    1086.8177490234375,
    141388.515625,
    0.5393543839454651,
    0.07298539578914642,
    0.1221766546368599,
    314.0760803222656,
    0.5947537422180176,
    9.011127471923828
  ],
  "attr_std": [
    143.84580993652344,
    60.19437026977539,
    85.32594299316406,
    341.4935607910156,
    369.08868408203125,
    60.91453170776367,
    21.936357498168945,
    24057.51953125,
    0.0917721539735794,
    0.01092617865651846,
    0.015062188729643822,
    53.14400863647461,
    0.06578892469406128,
    0.9546628594398499
  ],
  "suspicious_features": []
}