{
  "seed": 16,
  "val_avg_r2": 0.9722562517438617,
  "test_avg_r2": 0.9725682437419891,
  "val_r2_scores": [
    0.9709088206291199,
    0.9671345353126526,
    0.963099479675293,
    0.9636451601982117,
    0.9526299238204956,
    0.9536424279212952,
    0.9644896984100342,
    0.9824906587600708,
    0.9824815988540649,
    0.9896031022071838,
    0.9734585285186768,
    0.9838469624519348,
    0.9823556542396545,
    0.9818009734153748
  ],
  "test_r2_scores": [
    0.9764004349708557,
    0.9819841384887695,
    0.9636105895042419,
    0.956199049949646,
    0.9437592029571533,
    0.9625933170318604,
    0.962104856967926,
    0.9818516373634338,
    0.9843019247055054,
    0.9891200661659241,
    0.9723502993583679,
    0.9790562987327576,
    0.982490062713623,
    0.9801335334777832
  ],
  "final_train_loss": 0.21743801074183505,
  "final_val_loss": 0.14359060054024061,
  "final_train_kl": 18.044928592184316,
  "final_val_kl": 18.08386166890462,
  "final_train_attr": 0.06278760472069615,
  "final_val_attr": 0.03329707495868206,
  "attr_names": [
    "mean_HU",
    "HU_std",
    "HU_p10",
    "HU_p25",
    "HU_p50",
    "HU_p75",
    "HU_p90",
    "mask_area",
    "mask_frac",
    "grad_mean",
    "grad_std",
    "contrast",
    "homog",
    "entropy"
  ],
  "attr_mean": [
    332.0748596191406,
    773.4240112304688,
    -754.9590454101562,
    -469.8890686035156,
    654.10986328125,
    996.970458984375,
    1088.8023681640625,
    144964.515625,
    0.5529957413673401,
    0.07479086518287659,
    0.11896120011806488,
    325.34869384765625,
    0.5773970484733582,
    9.24319839477539
  ],
  "attr_std": [
    162.36192321777344,
    81.05115509033203,
    132.85679626464844,
    461.9053955078125,
    304.4974670410156,
    57.916812896728516,
    34.98884963989258,
    25731.3984375,
    0.09815749526023865,
    0.022036975249648094,
    0.016103191301226616,
    138.96157836914062,
    0.08070535212755203,
    1.140121579170227
  ],
  "suspicious_features": []
}