{
  "seed": 999,
  "val_avg_r2": 0.9688863328524998,
  "test_avg_r2": 0.9718148410320282,
  "val_r2_scores": [
    0.9776927828788757,
    0.9715226292610168,
    0.9396281242370605,
    0.9683398008346558,
    0.9448850750923157,
    0.9420017004013062,
    0.9485651254653931,
    0.9852258563041687,
    0.9841455221176147,
    0.9888309240341187,
    0.9746761918067932,
    0.972464382648468,
    0.9816998243331909,
    0.9847307205200195
  ],
  "test_r2_scores": [
    0.9785252809524536,
    0.9811252951622009,
    0.9639043807983398,
    0.9556581974029541,
    0.9507550001144409,
    0.9495763182640076,
    0.9434641003608704,
    0.9877086877822876,
    0.9867703914642334,
    0.9882839322090149,
    0.9768748879432678,
    0.9733332395553589,
    0.9816679358482361,
    0.9877601265907288
  ],
  "final_train_loss": 0.23384614272610002,
  "final_val_loss": 0.16909795999526978,
  "final_train_kl": 17.555480127749234,
  "final_val_kl": 17.563833872477215,
  "final_train_attr": 0.06830334153188311,
  "final_val_attr": 0.04196422485013803,
  "attr_names": [
    "mean_HU",
    "HU_std",
    "HU_p10",
    "HU_p25",
    "HU_p50",
    "HU_p75",
    "HU_p90",
    "mask_area",
    "mask_frac",
    "grad_mean",
    "grad_std",
    "contrast",
    "homog",
    "entropy"
  ],
  "attr_mean": [
    332.0748596191406,
    773.4240112304688,
    -754.9590454101562,
    -469.8890686035156,
    654.10986328125,
    996.970458984375,
    1088.8023681640625,
    144964.515625,
    0.5529957413673401,
    0.07479086518287659,
    0.11896120011806488,
    325.34869384765625,
    0.5773970484733582,
    9.24319839477539
  ],
  "attr_std": [
    162.36192321777344,
    81.05115509033203,
    132.85679626464844,
    461.9053955078125,
    304.4974670410156,
    57.916812896728516,
    34.98884963989258,
    25731.3984375,
    0.09815749526023865,
    0.022036975249648094,
    0.016103191301226616,
    138.96157836914062,
    0.08070535212755203,
    1.140121579170227
  ],
  "suspicious_features": []
}