Feature,Coefficient,Abs_Coefficient
grad_std,1.981159433408138,1.981159433408138
entropy,-1.7501217262575772,1.7501217262575772
mask_area,1.4023877318514117,1.4023877318514117
HU_p75,1.1363145243137083,1.1363145243137083
mask_frac,1.0889957332005054,1.0889957332005054
HU_p50,0.7375711464067729,0.7375711464067729
HU_p10,0.6753202949002811,0.6753202949002811
HU_p90,-0.67202955046535,0.67202955046535
grad_mean,-0.5432569977138574,0.5432569977138574
mean_HU,-0.5232473230163739,0.5232473230163739
contrast,-0.4377851397344242,0.4377851397344242
HU_std,-0.23088302911385278,0.23088302911385278
homog,0.17420734762951817,0.17420734762951817
HU_p25,-0.08564168520715233,0.08564168520715233
